{"cameraMode":{"drawMode":0,"name":"Shaded","section":"Shading Mode"},"sceneLighting":true,"audioPlay":false,"sceneViewState":{"showFog":true,"showMaterialUpdate":true,"showSkybox":true,"showFlares":true,"showImageEffects":true,"showParticleSystems":true},"in2DMode":false,"pivot":{"x":-8.794525146484375,"y":9.966958999633789,"z":-6.3802642822265629},"rotation":{"x":-0.01034804992377758,"y":0.7880416512489319,"z":-0.013246821239590645,"w":-0.6154177188873291},"size":161.4495391845703,"orthographic":false}